model_key,model_id,quantization,device,dtype,image_path,caption,reference_caption,lexical_f1,latency_sec,peak_memory_mb,load_time_sec,status,error
blip-base,Salesforce/blip-image-captioning-base,none,cuda,float16,apps/inference-server/sample_data/key_1.jpg,a photography of a cat sitting on a bench,,,0.1021,524.66,12.124,success,
blip-base,Salesforce/blip-image-captioning-base,none,cuda,float16,apps/inference-server/sample_data/key_10.jpg,a photography of a desk with a computer on it,,,0.0924,524.66,12.124,success,
blip-base,Salesforce/blip-image-captioning-base,none,cuda,float16,apps/inference-server/sample_data/key_11.jpg,a photography of a man on a tv screen,,,0.0798,524.66,12.124,success,
blip-base,Salesforce/blip-image-captioning-base,none,cuda,float16,apps/inference-server/sample_data/key_12.jpg,a photography of a bedroom with a bed and nightstand,,,0.1612,524.66,12.124,success,
blip-base,Salesforce/blip-image-captioning-base,none,cuda,float16,apps/inference-server/sample_data/key_13.jpg,a photography of a desk with a chair and a laptop,,,0.1079,524.66,12.124,success,
blip-base,Salesforce/blip-image-captioning-base,none,cuda,float16,apps/inference-server/sample_data/key_14.jpg,a photography of a wooden dresser with a broken drawer,,,0.0923,524.66,12.124,success,
blip-base,Salesforce/blip-image-captioning-base,none,cuda,float16,apps/inference-server/sample_data/key_15.jpg,a photography of a wooden chair in a living room,,,0.0902,524.66,12.124,success,
blip-base,Salesforce/blip-image-captioning-base,none,cuda,float16,apps/inference-server/sample_data/key_16.jpg,a photography of a kitchen counter with a bowl of food on the counter,,,0.1269,524.66,12.124,success,
blip-base,Salesforce/blip-image-captioning-base,none,cuda,float16,apps/inference-server/sample_data/key_17.jpg,a photography of a fish in a fish tank,,,0.1012,524.66,12.124,success,
blip-base,Salesforce/blip-image-captioning-base,none,cuda,float16,apps/inference-server/sample_data/key_18.jpg,a photography of a kitchen with a sink and counter,,,0.098,524.66,12.124,success,
blip-base,Salesforce/blip-image-captioning-base,none,cuda,float16,apps/inference-server/sample_data/key_19.jpg,a photography of a bon bon bon bon bon bon bon bon bon bon bon bon bon bon bon bon bon bon bon bon bon bon bon bon,,,0.251,525.39,12.124,success,
blip-base,Salesforce/blip-image-captioning-base,none,cuda,float16,apps/inference-server/sample_data/key_2.jpg,a photography of a hat on a shelf,,,0.0869,524.66,12.124,success,
blip-base,Salesforce/blip-image-captioning-base,none,cuda,float16,apps/inference-server/sample_data/key_20.jpg,a photography of a couch that has been left on the floor,,,0.1085,524.66,12.124,success,
blip-base,Salesforce/blip-image-captioning-base,none,cuda,float16,apps/inference-server/sample_data/key_3.jpg,a photography of a dishwasher in a kitchen,,,0.1052,524.66,12.124,success,
blip-base,Salesforce/blip-image-captioning-base,none,cuda,float16,apps/inference-server/sample_data/key_4.jpg,a photography of a kitchen counter with a plant in it,,,0.0998,524.66,12.124,success,
blip-base,Salesforce/blip-image-captioning-base,none,cuda,float16,apps/inference-server/sample_data/key_5.jpg,a photography of a wooden dresser in a room,,,0.1106,524.66,12.124,success,
blip-base,Salesforce/blip-image-captioning-base,none,cuda,float16,apps/inference-server/sample_data/key_6.jpg,a photography of a bedroom with a bed and a desk,,,0.1121,524.66,12.124,success,
blip-base,Salesforce/blip-image-captioning-base,none,cuda,float16,apps/inference-server/sample_data/key_7.jpg,a photography of a desk with a computer,,,0.1014,524.66,12.124,success,
blip-base,Salesforce/blip-image-captioning-base,none,cuda,float16,apps/inference-server/sample_data/key_8.jpg,a photography of a baby ' s clothes in a drawer,,,0.1251,524.66,12.124,success,
blip-base,Salesforce/blip-image-captioning-base,none,cuda,float16,apps/inference-server/sample_data/key_9.jpg,a photography of a chair and a computer,,,0.0842,524.66,12.124,success,
blip-base,Salesforce/blip-image-captioning-base,none,cuda,float16,apps/inference-server/sample_data/wallet_1.jpg,a photography of a bike and a mirror,,,0.186,524.66,12.124,success,
blip-base,Salesforce/blip-image-captioning-base,none,cuda,float16,apps/inference-server/sample_data/wallet_10.jpg,a photography of a wallet lying on the floor,,,0.1382,524.66,12.124,success,
blip-base,Salesforce/blip-image-captioning-base,none,cuda,float16,apps/inference-server/sample_data/wallet_11.jpg,a photography of a cell on the floor,,,0.1757,524.66,12.124,success,
blip-base,Salesforce/blip-image-captioning-base,none,cuda,float16,apps/inference-server/sample_data/wallet_12.jpg,a photography of a shadow of a person on a wall,,,0.165,524.66,12.124,success,
blip-base,Salesforce/blip-image-captioning-base,none,cuda,float16,apps/inference-server/sample_data/wallet_13.jpg,a photography of a person taking a picture of a bike,,,0.1401,524.66,12.124,success,
blip-base,Salesforce/blip-image-captioning-base,none,cuda,float16,apps/inference-server/sample_data/wallet_14.jpg,a photography of a bicycle leaning against a wall,,,0.1554,524.66,12.124,success,
blip-base,Salesforce/blip-image-captioning-base,none,cuda,float16,apps/inference-server/sample_data/wallet_15.jpg,a photography of a bike in a room,,,0.1401,524.66,12.124,success,
blip-base,Salesforce/blip-image-captioning-base,none,cuda,float16,apps/inference-server/sample_data/wallet_16.jpg,a photography of a black square object on a white tiled floor,,,0.22,524.66,12.124,success,
blip-base,Salesforce/blip-image-captioning-base,none,cuda,float16,apps/inference-server/sample_data/wallet_17.jpg,a photography of a bed in a bedroom,,,0.1798,524.66,12.124,success,
blip-base,Salesforce/blip-image-captioning-base,none,cuda,float16,apps/inference-server/sample_data/wallet_18.jpg,a photography of a shirt hanging on a wall,,,0.2076,524.66,12.124,success,
blip-base,Salesforce/blip-image-captioning-base,none,cuda,float16,apps/inference-server/sample_data/wallet_19.jpg,a photography of boxes stacked on top of each other boxes,,,0.2483,524.66,12.124,success,
blip-base,Salesforce/blip-image-captioning-base,none,cuda,float16,apps/inference-server/sample_data/wallet_2.jpg,a photography of a wooden chair with a blanket on it,,,0.1534,524.66,12.124,success,
blip-base,Salesforce/blip-image-captioning-base,none,cuda,float16,apps/inference-server/sample_data/wallet_20.jpg,a photography of a pile of boxes and a chair,,,0.1217,524.66,12.124,success,
blip-base,Salesforce/blip-image-captioning-base,none,cuda,float16,apps/inference-server/sample_data/wallet_21.jpg,a photography of a pile of books on a table,,,0.133,524.66,12.124,success,
blip-base,Salesforce/blip-image-captioning-base,none,cuda,float16,apps/inference-server/sample_data/wallet_22.jpg,a photography of a child ' s room,,,0.1654,524.66,12.124,success,
blip-base,Salesforce/blip-image-captioning-base,none,cuda,float16,apps/inference-server/sample_data/wallet_23.jpg,a photography of a black cat sitting on a chair,,,0.1726,524.66,12.124,success,
blip-base,Salesforce/blip-image-captioning-base,none,cuda,float16,apps/inference-server/sample_data/wallet_24.jpg,a photography of a pile of clothes on the floor,,,0.1259,524.66,12.124,success,
blip-base,Salesforce/blip-image-captioning-base,none,cuda,float16,apps/inference-server/sample_data/wallet_25.jpg,a photography of a pile of books on a table,,,0.1902,524.66,12.124,success,
blip-base,Salesforce/blip-image-captioning-base,none,cuda,float16,apps/inference-server/sample_data/wallet_26.jpg,a photography of a pile of books on a desk,,,0.1447,524.66,12.124,success,
blip-base,Salesforce/blip-image-captioning-base,none,cuda,float16,apps/inference-server/sample_data/wallet_27.jpg,a photography of a desk with a fan on top of it,,,0.1929,524.66,12.124,success,
blip-base,Salesforce/blip-image-captioning-base,none,cuda,float16,apps/inference-server/sample_data/wallet_28.jpg,a photography of a coffee table with books and a laptop on it,,,0.1718,524.66,12.124,success,
blip-base,Salesforce/blip-image-captioning-base,none,cuda,float16,apps/inference-server/sample_data/wallet_29.jpg,a photography of a coffee table and a chair,,,0.1746,524.66,12.124,success,
blip-base,Salesforce/blip-image-captioning-base,none,cuda,float16,apps/inference-server/sample_data/wallet_3.jpg,a photography of a chair and a table in a room,,,0.1838,524.66,12.124,success,
blip-base,Salesforce/blip-image-captioning-base,none,cuda,float16,apps/inference-server/sample_data/wallet_30.jpg,a photography of a desk with a variety of items on it,,,0.1796,524.66,12.124,success,
blip-base,Salesforce/blip-image-captioning-base,none,cuda,float16,apps/inference-server/sample_data/wallet_31.jpg,a photography of a pile of books on a table,,,0.1436,524.66,12.124,success,
blip-base,Salesforce/blip-image-captioning-base,none,cuda,float16,apps/inference-server/sample_data/wallet_32.jpg,a photography of a pile of books on a table,,,0.1583,524.66,12.124,success,
blip-base,Salesforce/blip-image-captioning-base,none,cuda,float16,apps/inference-server/sample_data/wallet_33.jpg,a photography of a camera and a bag on a table,,,0.1587,524.66,12.124,success,
blip-base,Salesforce/blip-image-captioning-base,none,cuda,float16,apps/inference-server/sample_data/wallet_34.jpg,a photography of a wallet on a table,,,0.2072,524.66,12.124,success,
blip-base,Salesforce/blip-image-captioning-base,none,cuda,float16,apps/inference-server/sample_data/wallet_35.jpg,a photography of a bed and a mirror in a room,,,0.1583,524.66,12.124,success,
blip-base,Salesforce/blip-image-captioning-base,none,cuda,float16,apps/inference-server/sample_data/wallet_36.jpg,a photography of a purse on a table,,,0.1487,524.66,12.124,success,
blip-base,Salesforce/blip-image-captioning-base,none,cuda,float16,apps/inference-server/sample_data/wallet_37.jpg,a photography of a coffee table with books and a cell,,,0.2312,524.66,12.124,success,
blip-base,Salesforce/blip-image-captioning-base,none,cuda,float16,apps/inference-server/sample_data/wallet_38.jpg,a photography of a coffee table with a cell on it,,,0.2792,524.66,12.124,success,
blip-base,Salesforce/blip-image-captioning-base,none,cuda,float16,apps/inference-server/sample_data/wallet_39.jpg,a photography of a purse on a glass table,,,0.1664,524.66,12.124,success,
blip-base,Salesforce/blip-image-captioning-base,none,cuda,float16,apps/inference-server/sample_data/wallet_4.jpg,a photography of a desk with a book and a camera,,,0.1552,524.66,12.124,success,
blip-base,Salesforce/blip-image-captioning-base,none,cuda,float16,apps/inference-server/sample_data/wallet_40.jpg,a photography of a man taking a picture of himself on a mirror,,,0.1549,524.66,12.124,success,
blip-base,Salesforce/blip-image-captioning-base,none,cuda,float16,apps/inference-server/sample_data/wallet_41.jpg,a photography of a black purse on a table,,,0.1306,524.66,12.124,success,
blip-base,Salesforce/blip-image-captioning-base,none,cuda,float16,apps/inference-server/sample_data/wallet_42.jpg,a photography of a room with a bed and a mirror,,,0.1391,524.66,12.124,success,
blip-base,Salesforce/blip-image-captioning-base,none,cuda,float16,apps/inference-server/sample_data/wallet_43.jpg,a photography of a man taking a picture of himself,,,0.1415,524.66,12.124,success,
blip-base,Salesforce/blip-image-captioning-base,none,cuda,float16,apps/inference-server/sample_data/wallet_44.jpg,a photography of a mirror with a camera on it,,,0.1277,524.66,12.124,success,
blip-base,Salesforce/blip-image-captioning-base,none,cuda,float16,apps/inference-server/sample_data/wallet_45.jpg,a photography of a wallet on a table,,,0.1536,524.66,12.124,success,
blip-base,Salesforce/blip-image-captioning-base,none,cuda,float16,apps/inference-server/sample_data/wallet_46.jpg,a photography of a wallet hanging on a wall,,,0.1189,524.66,12.124,success,
blip-base,Salesforce/blip-image-captioning-base,none,cuda,float16,apps/inference-server/sample_data/wallet_47.jpeg,a photography of a black leather wallet on a colorful striped rug,,,0.221,524.66,12.124,success,
blip-base,Salesforce/blip-image-captioning-base,none,cuda,float16,apps/inference-server/sample_data/wallet_48.jpeg,a photography of a person sitting on a couch,,,0.1655,524.66,12.124,success,
blip-base,Salesforce/blip-image-captioning-base,none,cuda,float16,apps/inference-server/sample_data/wallet_49.jpeg,a photography of a purse and a key chain,,,0.1534,524.66,12.124,success,
blip-base,Salesforce/blip-image-captioning-base,none,cuda,float16,apps/inference-server/sample_data/wallet_5.jpg,a photography of a desk full of papers and papers,,,0.1439,524.66,12.124,success,
blip-base,Salesforce/blip-image-captioning-base,none,cuda,float16,apps/inference-server/sample_data/wallet_50.jpeg,a photography of a wallet with a keychain on it,,,0.1727,524.66,12.124,success,
blip-base,Salesforce/blip-image-captioning-base,none,cuda,float16,apps/inference-server/sample_data/wallet_51.jpeg,a photography of a black leather wallet with a keychain on it,,,0.1992,524.66,12.124,success,
blip-base,Salesforce/blip-image-captioning-base,none,cuda,float16,apps/inference-server/sample_data/wallet_52.jpeg,a photography of a black leather wallet on a colorful background,,,0.1819,524.66,12.124,success,
blip-base,Salesforce/blip-image-captioning-base,none,cuda,float16,apps/inference-server/sample_data/wallet_53.jpeg,a photography of a camera on a rug,,,0.1795,524.66,12.124,success,
blip-base,Salesforce/blip-image-captioning-base,none,cuda,float16,apps/inference-server/sample_data/wallet_54.jpg,a photography of a person sitting at a table,,,0.1208,524.66,12.124,success,
blip-base,Salesforce/blip-image-captioning-base,none,cuda,float16,apps/inference-server/sample_data/wallet_55.jpg,a photography of a person sitting at a table,,,0.13,524.66,12.124,success,
blip-base,Salesforce/blip-image-captioning-base,none,cuda,float16,apps/inference-server/sample_data/wallet_56.jpg,a photography of a car seat with the seat belt removed,,,0.1102,524.66,12.124,success,
blip-base,Salesforce/blip-image-captioning-base,none,cuda,float16,apps/inference-server/sample_data/wallet_57.jpg,a photography of a blue hat on a white background,,,0.1032,524.66,12.124,success,
blip-base,Salesforce/blip-image-captioning-base,none,cuda,float16,apps/inference-server/sample_data/wallet_58.jpg,a photography of a leather wallet on a white background,,,0.1126,524.66,12.124,success,
blip-base,Salesforce/blip-image-captioning-base,none,cuda,float16,apps/inference-server/sample_data/wallet_59.jpg,a photography of a man sitting at a table,,,0.1296,524.66,12.124,success,
blip-base,Salesforce/blip-image-captioning-base,none,cuda,float16,apps/inference-server/sample_data/wallet_6.jpg,a photography of a black and white patterned suit,,,0.1556,524.66,12.124,success,
blip-base,Salesforce/blip-image-captioning-base,none,cuda,float16,apps/inference-server/sample_data/wallet_60.jpg,a photography of a cell phone on a table,,,0.0947,524.66,12.124,success,
blip-base,Salesforce/blip-image-captioning-base,none,cuda,float16,apps/inference-server/sample_data/wallet_61.jpg,a photography of a woman taking a picture of herself,,,0.1071,524.66,12.124,success,
blip-base,Salesforce/blip-image-captioning-base,none,cuda,float16,apps/inference-server/sample_data/wallet_62.jpg,a photography of a person taking a picture,,,0.1087,524.66,12.124,success,
blip-base,Salesforce/blip-image-captioning-base,none,cuda,float16,apps/inference-server/sample_data/wallet_63.jpg,a photography of a wallet on a table,,,0.0987,524.66,12.124,success,
blip-base,Salesforce/blip-image-captioning-base,none,cuda,float16,apps/inference-server/sample_data/wallet_64.jpg,a photography of a person taking a picture,,,0.1157,524.66,12.124,success,
blip-base,Salesforce/blip-image-captioning-base,none,cuda,float16,apps/inference-server/sample_data/wallet_65.jpg,a photography of a mirror in a room,,,0.1249,524.66,12.124,success,
blip-base,Salesforce/blip-image-captioning-base,none,cuda,float16,apps/inference-server/sample_data/wallet_66.jpg,a photography of a room with a desk and a mirror,,,0.1126,524.66,12.124,success,
blip-base,Salesforce/blip-image-captioning-base,none,cuda,float16,apps/inference-server/sample_data/wallet_67.jpg,a photography of a person holding a camera in their hand,,,0.1336,524.66,12.124,success,
blip-base,Salesforce/blip-image-captioning-base,none,cuda,float16,apps/inference-server/sample_data/wallet_68.jpg,a photography of a cell phone laying on the floor,,,0.12,524.66,12.124,success,
blip-base,Salesforce/blip-image-captioning-base,none,cuda,float16,apps/inference-server/sample_data/wallet_69.jpg,a photography of a room with a desk and a mirror,,,0.1238,524.66,12.124,success,
blip-base,Salesforce/blip-image-captioning-base,none,cuda,float16,apps/inference-server/sample_data/wallet_7.jpg,a photography of a bed with pillows and a suitcase,,,0.2333,524.66,12.124,success,
blip-base,Salesforce/blip-image-captioning-base,none,cuda,float16,apps/inference-server/sample_data/wallet_70.jpg,a photography of a room with a white wall,,,0.1235,524.66,12.124,success,
blip-base,Salesforce/blip-image-captioning-base,none,cuda,float16,apps/inference-server/sample_data/wallet_71.jpg,a photography of a room with a white wall,,,0.1279,524.66,12.124,success,
blip-base,Salesforce/blip-image-captioning-base,none,cuda,float16,apps/inference-server/sample_data/wallet_72.jpg,a photography of a man taking a picture of himself,,,0.1072,524.66,12.124,success,
blip-base,Salesforce/blip-image-captioning-base,none,cuda,float16,apps/inference-server/sample_data/wallet_73.jpg,a photography of a person taking a picture of a cell,,,0.1093,524.66,12.124,success,
blip-base,Salesforce/blip-image-captioning-base,none,cuda,float16,apps/inference-server/sample_data/wallet_74.jpg,a photography of a laptop on a table,,,0.083,524.66,12.124,success,
blip-base,Salesforce/blip-image-captioning-base,none,cuda,float16,apps/inference-server/sample_data/wallet_75.jpg,a photography of a laptop and a wallet on a table,,,0.1116,524.66,12.124,success,
blip-base,Salesforce/blip-image-captioning-base,none,cuda,float16,apps/inference-server/sample_data/wallet_8.jpg,a photography of a bed with a laptop on top of it,,,0.1574,524.66,12.124,success,
blip-base,Salesforce/blip-image-captioning-base,none,cuda,float16,apps/inference-server/sample_data/wallet_9.jpg,a photography of a laptop on a bed,,,0.1645,524.66,12.124,success,
git-base,microsoft/git-base-coco,none,cuda,float16,apps/inference-server/sample_data/key_1.jpg,a plant sitting on a table next to a wall.,,,0.098,827.96,22.1253,success,
git-base,microsoft/git-base-coco,none,cuda,float16,apps/inference-server/sample_data/key_10.jpg,a desk with a teddy bear on it.,,,0.0957,827.96,22.1253,success,
git-base,microsoft/git-base-coco,none,cuda,float16,apps/inference-server/sample_data/key_11.jpg,a dresser with a small dresser and a tv on top of it,,,0.1022,827.96,22.1253,success,
git-base,microsoft/git-base-coco,none,cuda,float16,apps/inference-server/sample_data/key_12.jpg,a wooden table with a drawer and a drawer.,,,0.1019,827.96,22.1253,success,
git-base,microsoft/git-base-coco,none,cuda,float16,apps/inference-server/sample_data/key_13.jpg,a chair with a hat on it ' s back and a scooter in front of it.,,,0.1662,827.96,22.1253,success,
git-base,microsoft/git-base-coco,none,cuda,float16,apps/inference-server/sample_data/key_14.jpg,a pair of scissors on a wooden table.,,,0.0694,827.96,22.1253,success,
git-base,microsoft/git-base-coco,none,cuda,float16,apps/inference-server/sample_data/key_15.jpg,a wooden chair with a key on it ' s side.,,,0.0755,827.96,22.1253,success,
git-base,microsoft/git-base-coco,none,cuda,float16,apps/inference-server/sample_data/key_16.jpg,a coffee maker on a kitchen counter top.,,,0.0639,827.96,22.1253,success,
git-base,microsoft/git-base-coco,none,cuda,float16,apps/inference-server/sample_data/key_17.jpg,a piece of cake on a counter top.,,,0.0627,827.96,22.1253,success,
git-base,microsoft/git-base-coco,none,cuda,float16,apps/inference-server/sample_data/key_18.jpg,the kitchen sink and countertop were installed in the cabinetry.,,,0.0801,827.96,22.1253,success,
git-base,microsoft/git-base-coco,none,cuda,float16,apps/inference-server/sample_data/key_19.jpg,a bed with a plant on it.,,,0.0626,827.96,22.1253,success,
git-base,microsoft/git-base-coco,none,cuda,float16,apps/inference-server/sample_data/key_2.jpg,a white shelf with a light on it.,,,0.0625,827.96,22.1253,success,
git-base,microsoft/git-base-coco,none,cuda,float16,apps/inference-server/sample_data/key_20.jpg,a couch with a remote control on top of it.,,,0.0758,827.96,22.1253,success,
git-base,microsoft/git-base-coco,none,cuda,float16,apps/inference-server/sample_data/key_3.jpg,a person taking a picture of a picture of a microwave.,,,0.0806,827.96,22.1253,success,
git-base,microsoft/git-base-coco,none,cuda,float16,apps/inference-server/sample_data/key_4.jpg,a potted plant on top of a small appliance in a kitchen.,,,0.1072,827.96,22.1253,success,
git-base,microsoft/git-base-coco,none,cuda,float16,apps/inference-server/sample_data/key_5.jpg,a wooden desk with a purse on it.,,,0.0655,827.96,22.1253,success,
git-base,microsoft/git-base-coco,none,cuda,float16,apps/inference-server/sample_data/key_6.jpg,a wooden desk with a stuffed animal and toys on it.,,,0.0867,827.96,22.1253,success,
git-base,microsoft/git-base-coco,none,cuda,float16,apps/inference-server/sample_data/key_7.jpg,a desktop computer sitting on a desk.,,,0.0782,827.96,22.1253,success,
git-base,microsoft/git-base-coco,none,cuda,float16,apps/inference-server/sample_data/key_8.jpg,a towel is hanging on a door handle.,,,0.0741,827.96,22.1253,success,
git-base,microsoft/git-base-coco,none,cuda,float16,apps/inference-server/sample_data/key_9.jpg,a chair and a desk in a room.,,,0.0835,827.96,22.1253,success,
git-base,microsoft/git-base-coco,none,cuda,float16,apps/inference-server/sample_data/wallet_1.jpg,a piece of furniture.,,,0.1453,827.96,22.1253,success,
git-base,microsoft/git-base-coco,none,cuda,float16,apps/inference-server/sample_data/wallet_10.jpg,a broken book on the floor.,,,0.1024,827.96,22.1253,success,
git-base,microsoft/git-base-coco,none,cuda,float16,apps/inference-server/sample_data/wallet_11.jpg,a crack in the tile.,,,0.1007,827.96,22.1253,success,
git-base,microsoft/git-base-coco,none,cuda,float16,apps/inference-server/sample_data/wallet_12.jpg,a picture of a tile on a wall.,,,0.1035,827.96,22.1253,success,
git-base,microsoft/git-base-coco,none,cuda,float16,apps/inference-server/sample_data/wallet_13.jpg,the tiles in the bathroom,,,0.0903,827.96,22.1253,success,
git-base,microsoft/git-base-coco,none,cuda,float16,apps/inference-server/sample_data/wallet_14.jpg,the light on the wall.,,,0.1048,827.96,22.1253,success,
git-base,microsoft/git-base-coco,none,cuda,float16,apps/inference-server/sample_data/wallet_15.jpg,a wallet on the floor.,,,0.099,827.96,22.1253,success,
git-base,microsoft/git-base-coco,none,cuda,float16,apps/inference-server/sample_data/wallet_16.jpg,a wallet on the floor.,,,0.1174,827.96,22.1253,success,
git-base,microsoft/git-base-coco,none,cuda,float16,apps/inference-server/sample_data/wallet_17.jpg,a pile of clothes on a bed.,,,0.125,827.96,22.1253,success,
git-base,microsoft/git-base-coco,none,cuda,float16,apps/inference-server/sample_data/wallet_18.jpg,a new piece of clothing.,,,0.1302,827.96,22.1253,success,
git-base,microsoft/git-base-coco,none,cuda,float16,apps/inference-server/sample_data/wallet_19.jpg,a stack of boxes and boxes.,,,0.1068,827.96,22.1253,success,
git-base,microsoft/git-base-coco,none,cuda,float16,apps/inference-server/sample_data/wallet_2.jpg,a table and chairs in the room.,,,0.1181,827.96,22.1253,success,
git-base,microsoft/git-base-coco,none,cuda,float16,apps/inference-server/sample_data/wallet_20.jpg,boxes stacked on top of each other on top of a bed.,,,0.136,827.96,22.1253,success,
git-base,microsoft/git-base-coco,none,cuda,float16,apps/inference-server/sample_data/wallet_21.jpg,a desk in a room.,,,0.1008,827.96,22.1253,success,
git-base,microsoft/git-base-coco,none,cuda,float16,apps/inference-server/sample_data/wallet_22.jpg,a child ' s chair and a table in the room.,,,0.1401,827.96,22.1253,success,
git-base,microsoft/git-base-coco,none,cuda,float16,apps/inference-server/sample_data/wallet_23.jpg,a chair with a backpack on it ' s back.,,,0.1267,827.96,22.1253,success,
git-base,microsoft/git-base-coco,none,cuda,float16,apps/inference-server/sample_data/wallet_24.jpg,a small room with a large bed and a small table and chairs.,,,0.1543,827.96,22.1253,success,
git-base,microsoft/git-base-coco,none,cuda,float16,apps/inference-server/sample_data/wallet_25.jpg,a table with various items on it.,,,0.119,827.96,22.1253,success,
git-base,microsoft/git-base-coco,none,cuda,float16,apps/inference-server/sample_data/wallet_26.jpg,a shelf with books and a backpack on it.,,,0.1268,827.96,22.1253,success,
git-base,microsoft/git-base-coco,none,cuda,float16,apps/inference-server/sample_data/wallet_27.jpg,a room with a desk and a shelf full of bookshelves.,,,0.162,827.96,22.1253,success,
git-base,microsoft/git-base-coco,none,cuda,float16,apps/inference-server/sample_data/wallet_28.jpg,a desk with a mirror and a laptop on it.,,,0.1501,827.96,22.1253,success,
git-base,microsoft/git-base-coco,none,cuda,float16,apps/inference-server/sample_data/wallet_29.jpg,"a desk with a phone, phone, phone, books and other items on it.",,,0.1907,827.96,22.1253,success,
git-base,microsoft/git-base-coco,none,cuda,float16,apps/inference-server/sample_data/wallet_3.jpg,the chair in the children ' s room.,,,0.1861,827.96,22.1253,success,
git-base,microsoft/git-base-coco,none,cuda,float16,apps/inference-server/sample_data/wallet_30.jpg,a table with books and a purse on it.,,,0.1722,827.96,22.1253,success,
git-base,microsoft/git-base-coco,none,cuda,float16,apps/inference-server/sample_data/wallet_31.jpg,a desk with a laptop and a wallet on it.,,,0.213,827.96,22.1253,success,
git-base,microsoft/git-base-coco,none,cuda,float16,apps/inference-server/sample_data/wallet_32.jpg,"a desk with a wallet, wallet and other items on it.",,,0.1815,827.96,22.1253,success,
git-base,microsoft/git-base-coco,none,cuda,float16,apps/inference-server/sample_data/wallet_33.jpg,a fan sitting on top of a table next to a fan.,,,0.1755,827.96,22.1253,success,
git-base,microsoft/git-base-coco,none,cuda,float16,apps/inference-server/sample_data/wallet_34.jpg,a pile of luggage sitting on top of a table.,,,0.1705,827.96,22.1253,success,
git-base,microsoft/git-base-coco,none,cuda,float16,apps/inference-server/sample_data/wallet_35.jpg,the bed in the room.,,,0.1261,827.96,22.1253,success,
git-base,microsoft/git-base-coco,none,cuda,float16,apps/inference-server/sample_data/wallet_36.jpg,a wallet on a shelf.,,,0.1287,827.96,22.1253,success,
git-base,microsoft/git-base-coco,none,cuda,float16,apps/inference-server/sample_data/wallet_37.jpg,a wallet on a mirror.,,,0.1395,827.96,22.1253,success,
git-base,microsoft/git-base-coco,none,cuda,float16,apps/inference-server/sample_data/wallet_38.jpg,a drawer with a wallet on it.,,,0.217,827.96,22.1253,success,
git-base,microsoft/git-base-coco,none,cuda,float16,apps/inference-server/sample_data/wallet_39.jpg,a shelf with a glass top and a glass top.,,,0.1737,827.96,22.1253,success,
git-base,microsoft/git-base-coco,none,cuda,float16,apps/inference-server/sample_data/wallet_4.jpg,a shelf with papers and a wallet on it.,,,0.1805,827.96,22.1253,success,
git-base,microsoft/git-base-coco,none,cuda,float16,apps/inference-server/sample_data/wallet_40.jpg,a cabinet with a bottle of lotion and other items in it,,,0.2386,827.96,22.1253,success,
git-base,microsoft/git-base-coco,none,cuda,float16,apps/inference-server/sample_data/wallet_41.jpg,a black purse hanging on a wooden shelf.,,,0.1831,827.96,22.1253,success,
git-base,microsoft/git-base-coco,none,cuda,float16,apps/inference-server/sample_data/wallet_42.jpg,a bedroom with a bed and a wooden headboard.,,,0.2466,827.96,22.1253,success,
git-base,microsoft/git-base-coco,none,cuda,float16,apps/inference-server/sample_data/wallet_43.jpg,a bathroom sink with a mirror.,,,0.2304,827.96,22.1253,success,
git-base,microsoft/git-base-coco,none,cuda,float16,apps/inference-server/sample_data/wallet_44.jpg,a wallet hanging on a shelf.,,,0.1753,827.96,22.1253,success,
git-base,microsoft/git-base-coco,none,cuda,float16,apps/inference-server/sample_data/wallet_45.jpg,a wallet on display.,,,0.1496,827.96,22.1253,success,
git-base,microsoft/git-base-coco,none,cuda,float16,apps/inference-server/sample_data/wallet_46.jpg,a wallet hanging on a window sill.,,,0.1803,827.96,22.1253,success,
git-base,microsoft/git-base-coco,none,cuda,float16,apps/inference-server/sample_data/wallet_47.jpeg,a wallet with a keychain on it.,,,0.2569,827.96,22.1253,success,
git-base,microsoft/git-base-coco,none,cuda,float16,apps/inference-server/sample_data/wallet_48.jpeg,a wallet on a striped carpet.,,,0.1885,827.96,22.1253,success,
git-base,microsoft/git-base-coco,none,cuda,float16,apps/inference-server/sample_data/wallet_49.jpeg,leather wallet with key chain and keychain on a chain,,,0.2959,827.96,22.1253,success,
git-base,microsoft/git-base-coco,none,cuda,float16,apps/inference-server/sample_data/wallet_5.jpg,a table with a glass top and a bag on it.,,,0.2554,827.96,22.1253,success,
git-base,microsoft/git-base-coco,none,cuda,float16,apps/inference-server/sample_data/wallet_50.jpeg,a wallet with keys on it.,,,0.236,827.96,22.1253,success,
git-base,microsoft/git-base-coco,none,cuda,float16,apps/inference-server/sample_data/wallet_51.jpeg,a wallet and a wallet on a table cloth,,,0.2359,827.96,22.1253,success,
git-base,microsoft/git-base-coco,none,cuda,float16,apps/inference-server/sample_data/wallet_52.jpeg,leather wallet on a striped carpet,,,0.2208,827.96,22.1253,success,
git-base,microsoft/git-base-coco,none,cuda,float16,apps/inference-server/sample_data/wallet_53.jpeg,a wallet on a carpet,,,0.1494,827.96,22.1253,success,
git-base,microsoft/git-base-coco,none,cuda,float16,apps/inference-server/sample_data/wallet_54.jpg,a wallet on a table.,,,0.101,827.96,22.1253,success,
git-base,microsoft/git-base-coco,none,cuda,float16,apps/inference-server/sample_data/wallet_55.jpg,a cell phone on a table.,,,0.0885,827.96,22.1253,success,
git-base,microsoft/git-base-coco,none,cuda,float16,apps/inference-server/sample_data/wallet_56.jpg,textured texture of the carpet.,,,0.0648,827.96,22.1253,success,
git-base,microsoft/git-base-coco,none,cuda,float16,apps/inference-server/sample_data/wallet_57.jpg,this is the first book i ' ve ever seen.,,,0.0806,827.96,22.1253,success,
git-base,microsoft/git-base-coco,none,cuda,float16,apps/inference-server/sample_data/wallet_58.jpg,this is the case of a leather wallet.,,,0.0702,827.96,22.1253,success,
git-base,microsoft/git-base-coco,none,cuda,float16,apps/inference-server/sample_data/wallet_59.jpg,a cell phone sitting on a table.,,,0.0643,827.96,22.1253,success,
git-base,microsoft/git-base-coco,none,cuda,float16,apps/inference-server/sample_data/wallet_6.jpg,a phone on a bed with a black and white pillow.,,,0.1676,827.96,22.1253,success,
git-base,microsoft/git-base-coco,none,cuda,float16,apps/inference-server/sample_data/wallet_60.jpg,a coin in a wallet on the floor.,,,0.0673,827.96,22.1253,success,
git-base,microsoft/git-base-coco,none,cuda,float16,apps/inference-server/sample_data/wallet_61.jpg,a wallet on the wall.,,,0.0517,827.96,22.1253,success,
git-base,microsoft/git-base-coco,none,cuda,float16,apps/inference-server/sample_data/wallet_62.jpg,a black leather case on a wall.,,,0.0593,827.96,22.1253,success,
git-base,microsoft/git-base-coco,none,cuda,float16,apps/inference-server/sample_data/wallet_63.jpg,a wallet on a white surface.,,,0.0564,827.96,22.1253,success,
git-base,microsoft/git-base-coco,none,cuda,float16,apps/inference-server/sample_data/wallet_64.jpg,a wallet sitting on top of a table.,,,0.0637,827.96,22.1253,success,
git-base,microsoft/git-base-coco,none,cuda,float16,apps/inference-server/sample_data/wallet_65.jpg,a couch on a white counter top.,,,0.0606,827.96,22.1253,success,
git-base,microsoft/git-base-coco,none,cuda,float16,apps/inference-server/sample_data/wallet_66.jpg,a bag on a counter top.,,,0.0877,827.96,22.1253,success,
git-base,microsoft/git-base-coco,none,cuda,float16,apps/inference-server/sample_data/wallet_67.jpg,a wallet on the floor of a building.,,,0.0765,827.96,22.1253,success,
git-base,microsoft/git-base-coco,none,cuda,float16,apps/inference-server/sample_data/wallet_68.jpg,a blue leather wallet sitting on a white surface.,,,0.0691,827.96,22.1253,success,
git-base,microsoft/git-base-coco,none,cuda,float16,apps/inference-server/sample_data/wallet_69.jpg,a mirror on the wall of a room.,,,0.0652,827.96,22.1253,success,
git-base,microsoft/git-base-coco,none,cuda,float16,apps/inference-server/sample_data/wallet_7.jpg,a bed with a bag and wallet on it,,,0.1055,827.96,22.1253,success,
git-base,microsoft/git-base-coco,none,cuda,float16,apps/inference-server/sample_data/wallet_70.jpg,a suitcase on the floor of a building.,,,0.0651,827.96,22.1253,success,
git-base,microsoft/git-base-coco,none,cuda,float16,apps/inference-server/sample_data/wallet_71.jpg,a piece of luggage sitting on top of a floor.,,,0.0789,827.96,22.1253,success,
git-base,microsoft/git-base-coco,none,cuda,float16,apps/inference-server/sample_data/wallet_72.jpg,a leather wallet on a table.,,,0.0621,827.96,22.1253,success,
git-base,microsoft/git-base-coco,none,cuda,float16,apps/inference-server/sample_data/wallet_73.jpg,leather wallet on a silver surface.,,,0.057,827.96,22.1253,success,
git-base,microsoft/git-base-coco,none,cuda,float16,apps/inference-server/sample_data/wallet_74.jpg,a blue leather wallet on a metal table.,,,0.0665,827.96,22.1253,success,
git-base,microsoft/git-base-coco,none,cuda,float16,apps/inference-server/sample_data/wallet_75.jpg,a wallet sitting on a table next to a laptop computer.,,,0.0968,827.96,22.1253,success,
git-base,microsoft/git-base-coco,none,cuda,float16,apps/inference-server/sample_data/wallet_8.jpg,"a table with a laptop, wallet, phone, wallet and wallet on it.",,,0.1843,827.96,22.1253,success,
git-base,microsoft/git-base-coco,none,cuda,float16,apps/inference-server/sample_data/wallet_9.jpg,a close - up of a handmade quilted handmade wallet and wallet.,,,0.1295,827.96,22.1253,success,
vit-gpt2,nlpconnect/vit-gpt2-image-captioning,none,cuda,float16,apps/inference-server/sample_data/key_1.jpg,a wooden table with a plant on top of it,,,0.1302,1300.54,21.6425,success,
vit-gpt2,nlpconnect/vit-gpt2-image-captioning,none,cuda,float16,apps/inference-server/sample_data/key_10.jpg,a desk with a computer on top of it,,,0.1431,1300.54,21.6425,success,
vit-gpt2,nlpconnect/vit-gpt2-image-captioning,none,cuda,float16,apps/inference-server/sample_data/key_11.jpg,a flat screen tv sitting on top of a wooden stand,,,0.1187,1300.43,21.6425,success,
vit-gpt2,nlpconnect/vit-gpt2-image-captioning,none,cuda,float16,apps/inference-server/sample_data/key_12.jpg,a bedroom with a bed and a desk,,,0.155,1300.43,21.6425,success,
vit-gpt2,nlpconnect/vit-gpt2-image-captioning,none,cuda,float16,apps/inference-server/sample_data/key_13.jpg,a chair that is sitting on top of a wooden floor,,,0.1746,1300.43,21.6425,success,
vit-gpt2,nlpconnect/vit-gpt2-image-captioning,none,cuda,float16,apps/inference-server/sample_data/key_14.jpg,a wooden table with a clock on top of it,,,0.1636,1300.33,21.6425,success,
vit-gpt2,nlpconnect/vit-gpt2-image-captioning,none,cuda,float16,apps/inference-server/sample_data/key_15.jpg,a wooden bench sitting on top of a wooden floor,,,0.1624,1300.43,21.6425,success,
vit-gpt2,nlpconnect/vit-gpt2-image-captioning,none,cuda,float16,apps/inference-server/sample_data/key_16.jpg,a kitchen counter with a sink and a dishwasher,,,0.1567,1300.43,21.6425,success,
vit-gpt2,nlpconnect/vit-gpt2-image-captioning,none,cuda,float16,apps/inference-server/sample_data/key_17.jpg,a piece of bread sitting on a tile floor,,,0.1827,1300.54,21.6425,success,
vit-gpt2,nlpconnect/vit-gpt2-image-captioning,none,cuda,float16,apps/inference-server/sample_data/key_18.jpg,a kitchen sink with a wooden cabinet,,,0.1733,1300.33,21.6425,success,
vit-gpt2,nlpconnect/vit-gpt2-image-captioning,none,cuda,float16,apps/inference-server/sample_data/key_19.jpg,a plant that is sitting on top of a table,,,0.1658,1300.33,21.6425,success,
vit-gpt2,nlpconnect/vit-gpt2-image-captioning,none,cuda,float16,apps/inference-server/sample_data/key_2.jpg,a shelf with a hat on top of it and a bottle on top of it,,,0.2367,1301.06,21.6425,success,
vit-gpt2,nlpconnect/vit-gpt2-image-captioning,none,cuda,float16,apps/inference-server/sample_data/key_20.jpg,an unmade bed with a pillow on it,,,0.1808,1300.43,21.6425,success,
vit-gpt2,nlpconnect/vit-gpt2-image-captioning,none,cuda,float16,apps/inference-server/sample_data/key_3.jpg,a microwave oven sitting on top of a kitchen counter,,,0.1623,1300.33,21.6425,success,
vit-gpt2,nlpconnect/vit-gpt2-image-captioning,none,cuda,float16,apps/inference-server/sample_data/key_4.jpg,a white vase with a plant in it on a counter,,,0.1774,1300.54,21.6425,success,
vit-gpt2,nlpconnect/vit-gpt2-image-captioning,none,cuda,float16,apps/inference-server/sample_data/key_5.jpg,a bathroom with a wooden cabinet and a mirror,,,0.1633,1300.33,21.6425,success,
vit-gpt2,nlpconnect/vit-gpt2-image-captioning,none,cuda,float16,apps/inference-server/sample_data/key_6.jpg,a wooden desk with a wooden bed and a wooden bench,,,0.176,1300.43,21.6425,success,
vit-gpt2,nlpconnect/vit-gpt2-image-captioning,none,cuda,float16,apps/inference-server/sample_data/key_7.jpg,a computer desk with a monitor and keyboard,,,0.1995,1300.54,21.6425,success,
vit-gpt2,nlpconnect/vit-gpt2-image-captioning,none,cuda,float16,apps/inference-server/sample_data/key_8.jpg,a woman standing in a kitchen next to a refrigerator,,,0.1621,1300.43,21.6425,success,
vit-gpt2,nlpconnect/vit-gpt2-image-captioning,none,cuda,float16,apps/inference-server/sample_data/key_9.jpg,a laptop computer sitting on top of a wooden desk,,,0.1526,1300.33,21.6425,success,
vit-gpt2,nlpconnect/vit-gpt2-image-captioning,none,cuda,float16,apps/inference-server/sample_data/wallet_1.jpg,a black tv sitting on top of a wooden stand,,,0.2689,1300.33,21.6425,success,
vit-gpt2,nlpconnect/vit-gpt2-image-captioning,none,cuda,float16,apps/inference-server/sample_data/wallet_10.jpg,a piece of luggage sitting on the floor,,,0.1709,1300.11,21.6425,success,
vit-gpt2,nlpconnect/vit-gpt2-image-captioning,none,cuda,float16,apps/inference-server/sample_data/wallet_11.jpg,a black and white photo of a black and white purse,,,0.21,1300.43,21.6425,success,
vit-gpt2,nlpconnect/vit-gpt2-image-captioning,none,cuda,float16,apps/inference-server/sample_data/wallet_12.jpg,a black and white photo of a sink and a toilet,,,0.215,1300.43,21.6425,success,
vit-gpt2,nlpconnect/vit-gpt2-image-captioning,none,cuda,float16,apps/inference-server/sample_data/wallet_13.jpg,a white toilet sitting in a bathroom next to a sink,,,0.2253,1300.54,21.6425,success,
vit-gpt2,nlpconnect/vit-gpt2-image-captioning,none,cuda,float16,apps/inference-server/sample_data/wallet_14.jpg,a bathroom with a white wall and a black and white tile floor,,,0.2393,1300.64,21.6425,success,
vit-gpt2,nlpconnect/vit-gpt2-image-captioning,none,cuda,float16,apps/inference-server/sample_data/wallet_15.jpg,a black bag sitting on the floor next to a bicycle,,,0.2451,1300.43,21.6425,success,
vit-gpt2,nlpconnect/vit-gpt2-image-captioning,none,cuda,float16,apps/inference-server/sample_data/wallet_16.jpg,a white toilet sitting on top of a tile floor,,,0.2579,1300.43,21.6425,success,
vit-gpt2,nlpconnect/vit-gpt2-image-captioning,none,cuda,float16,apps/inference-server/sample_data/wallet_17.jpg,a bed that has some pillows on it,,,0.2246,1300.22,21.6425,success,
vit-gpt2,nlpconnect/vit-gpt2-image-captioning,none,cuda,float16,apps/inference-server/sample_data/wallet_18.jpg,a black and white striped shirt and a black and white striped shirt,,,0.2983,1300.64,21.6425,success,
vit-gpt2,nlpconnect/vit-gpt2-image-captioning,none,cuda,float16,apps/inference-server/sample_data/wallet_19.jpg,a stack of books sitting on top of a wooden desk,,,0.2606,1300.43,21.6425,success,
vit-gpt2,nlpconnect/vit-gpt2-image-captioning,none,cuda,float16,apps/inference-server/sample_data/wallet_2.jpg,a wooden table with a pair of scissors on top of it,,,0.245,1300.54,21.6425,success,
vit-gpt2,nlpconnect/vit-gpt2-image-captioning,none,cuda,float16,apps/inference-server/sample_data/wallet_20.jpg,a pile of books sitting on top of a wooden desk,,,0.2474,1300.43,21.6425,success,
vit-gpt2,nlpconnect/vit-gpt2-image-captioning,none,cuda,float16,apps/inference-server/sample_data/wallet_21.jpg,a laptop computer sitting on top of a desk,,,0.2713,1300.33,21.6425,success,
vit-gpt2,nlpconnect/vit-gpt2-image-captioning,none,cuda,float16,apps/inference-server/sample_data/wallet_22.jpg,"a bedroom with a bed, desk, chair and a laptop",,,0.2701,1300.64,21.6425,success,
vit-gpt2,nlpconnect/vit-gpt2-image-captioning,none,cuda,float16,apps/inference-server/sample_data/wallet_23.jpg,a laptop computer sitting on top of a wooden table,,,0.2573,1300.33,21.6425,success,
vit-gpt2,nlpconnect/vit-gpt2-image-captioning,none,cuda,float16,apps/inference-server/sample_data/wallet_24.jpg,a box of toothbrushes sitting on top of a wooden table,,,0.329,1300.64,21.6425,success,
vit-gpt2,nlpconnect/vit-gpt2-image-captioning,none,cuda,float16,apps/inference-server/sample_data/wallet_25.jpg,a purse with a picture of a cat on it,,,0.27,1300.33,21.6425,success,
vit-gpt2,nlpconnect/vit-gpt2-image-captioning,none,cuda,float16,apps/inference-server/sample_data/wallet_26.jpg,a laptop computer sitting on top of a pile of books,,,0.2706,1300.43,21.6425,success,
vit-gpt2,nlpconnect/vit-gpt2-image-captioning,none,cuda,float16,apps/inference-server/sample_data/wallet_27.jpg,a doll sitting on top of a counter next to a microwave,,,0.2775,1300.54,21.6425,success,
vit-gpt2,nlpconnect/vit-gpt2-image-captioning,none,cuda,float16,apps/inference-server/sample_data/wallet_28.jpg,"a desk with a laptop, books, and other items on it",,,0.3106,1300.64,21.6425,success,
vit-gpt2,nlpconnect/vit-gpt2-image-captioning,none,cuda,float16,apps/inference-server/sample_data/wallet_29.jpg,an open suitcase on a bed,,,0.2215,1300.22,21.6425,success,
vit-gpt2,nlpconnect/vit-gpt2-image-captioning,none,cuda,float16,apps/inference-server/sample_data/wallet_3.jpg,a wooden table topped with a pile of books,,,0.2916,1300.43,21.6425,success,
vit-gpt2,nlpconnect/vit-gpt2-image-captioning,none,cuda,float16,apps/inference-server/sample_data/wallet_30.jpg,a suitcase sitting on top of a wooden table,,,0.2309,1300.22,21.6425,success,
vit-gpt2,nlpconnect/vit-gpt2-image-captioning,none,cuda,float16,apps/inference-server/sample_data/wallet_31.jpg,a purse and some books on a table,,,0.2201,1300.11,21.6425,success,
vit-gpt2,nlpconnect/vit-gpt2-image-captioning,none,cuda,float16,apps/inference-server/sample_data/wallet_32.jpg,a pile of books sitting on top of a desk,,,0.2399,1300.43,21.6425,success,
vit-gpt2,nlpconnect/vit-gpt2-image-captioning,none,cuda,float16,apps/inference-server/sample_data/wallet_33.jpg,a piece of luggage sitting on top of a desk,,,0.2518,1300.33,21.6425,success,
vit-gpt2,nlpconnect/vit-gpt2-image-captioning,none,cuda,float16,apps/inference-server/sample_data/wallet_34.jpg,a wooden box sitting on top of a desk,,,0.2571,1300.33,21.6425,success,
vit-gpt2,nlpconnect/vit-gpt2-image-captioning,none,cuda,float16,apps/inference-server/sample_data/wallet_35.jpg,a room with a mirror and a bed,,,0.3168,1300.54,21.6425,success,
vit-gpt2,nlpconnect/vit-gpt2-image-captioning,none,cuda,float16,apps/inference-server/sample_data/wallet_36.jpg,a mirror and a purse on a bathroom counter,,,0.2121,1300.22,21.6425,success,
vit-gpt2,nlpconnect/vit-gpt2-image-captioning,none,cuda,float16,apps/inference-server/sample_data/wallet_37.jpg,a cell phone sitting on top of a dresser next to a mirror,,,0.3754,1300.75,21.6425,success,
vit-gpt2,nlpconnect/vit-gpt2-image-captioning,none,cuda,float16,apps/inference-server/sample_data/wallet_38.jpg,a cell phone sitting on top of a wooden table,,,0.2255,1300.33,21.6425,success,
vit-gpt2,nlpconnect/vit-gpt2-image-captioning,none,cuda,float16,apps/inference-server/sample_data/wallet_39.jpg,a door is open and a person is looking in it,,,0.2386,1300.43,21.6425,success,
vit-gpt2,nlpconnect/vit-gpt2-image-captioning,none,cuda,float16,apps/inference-server/sample_data/wallet_4.jpg,a shelf with a mirror and a pair of scissors,,,0.2434,1300.54,21.6425,success,
vit-gpt2,nlpconnect/vit-gpt2-image-captioning,none,cuda,float16,apps/inference-server/sample_data/wallet_40.jpg,"a bathroom with a sink, mirror, and other items",,,0.2511,1300.43,21.6425,success,
vit-gpt2,nlpconnect/vit-gpt2-image-captioning,none,cuda,float16,apps/inference-server/sample_data/wallet_41.jpg,a piece of luggage sitting on top of a counter,,,0.2101,1300.43,21.6425,success,
vit-gpt2,nlpconnect/vit-gpt2-image-captioning,none,cuda,float16,apps/inference-server/sample_data/wallet_42.jpg,a doll sitting on top of a dresser next to a mirror,,,0.2035,1300.64,21.6425,success,
vit-gpt2,nlpconnect/vit-gpt2-image-captioning,none,cuda,float16,apps/inference-server/sample_data/wallet_43.jpg,a room with a bunch of luggage on the wall,,,0.2104,1300.33,21.6425,success,
vit-gpt2,nlpconnect/vit-gpt2-image-captioning,none,cuda,float16,apps/inference-server/sample_data/wallet_44.jpg,a black cellphone sitting on top of a wooden shelf,,,0.1949,1300.33,21.6425,success,
vit-gpt2,nlpconnect/vit-gpt2-image-captioning,none,cuda,float16,apps/inference-server/sample_data/wallet_45.jpg,a small piece of luggage sitting on top of a counter,,,0.1596,1300.43,21.6425,success,
vit-gpt2,nlpconnect/vit-gpt2-image-captioning,none,cuda,float16,apps/inference-server/sample_data/wallet_46.jpg,a piece of luggage sitting on top of a counter,,,0.1613,1300.43,21.6425,success,
vit-gpt2,nlpconnect/vit-gpt2-image-captioning,none,cuda,float16,apps/inference-server/sample_data/wallet_47.jpeg,a piece of paper with a flower on top of it,,,0.1718,1300.43,21.6425,success,
vit-gpt2,nlpconnect/vit-gpt2-image-captioning,none,cuda,float16,apps/inference-server/sample_data/wallet_48.jpeg,a green and white striped blanket on a table,,,0.1747,1300.33,21.6425,success,
vit-gpt2,nlpconnect/vit-gpt2-image-captioning,none,cuda,float16,apps/inference-server/sample_data/wallet_49.jpeg,a piece of luggage sitting on top of a rug,,,0.2128,1300.33,21.6425,success,
vit-gpt2,nlpconnect/vit-gpt2-image-captioning,none,cuda,float16,apps/inference-server/sample_data/wallet_5.jpg,a woman in a dress holding a pair of scissors,,,0.1542,1300.33,21.6425,success,
vit-gpt2,nlpconnect/vit-gpt2-image-captioning,none,cuda,float16,apps/inference-server/sample_data/wallet_50.jpeg,a pair of scissors sitting on top of a fabric,,,0.1813,1300.43,21.6425,success,
vit-gpt2,nlpconnect/vit-gpt2-image-captioning,none,cuda,float16,apps/inference-server/sample_data/wallet_51.jpeg,a cell phone sitting on top of a piece of cloth,,,0.1837,1300.43,21.6425,success,
vit-gpt2,nlpconnect/vit-gpt2-image-captioning,none,cuda,float16,apps/inference-server/sample_data/wallet_52.jpeg,a piece of luggage sitting on top of a carpet,,,0.201,1300.43,21.6425,success,
vit-gpt2,nlpconnect/vit-gpt2-image-captioning,none,cuda,float16,apps/inference-server/sample_data/wallet_53.jpeg,a pair of scissors sitting on top of a table,,,0.1979,1300.54,21.6425,success,
vit-gpt2,nlpconnect/vit-gpt2-image-captioning,none,cuda,float16,apps/inference-server/sample_data/wallet_54.jpg,a laptop computer sitting on top of a table,,,0.128,1300.33,21.6425,success,
vit-gpt2,nlpconnect/vit-gpt2-image-captioning,none,cuda,float16,apps/inference-server/sample_data/wallet_55.jpg,a person sitting at a table with a laptop,,,0.1232,1300.33,21.6425,success,
vit-gpt2,nlpconnect/vit-gpt2-image-captioning,none,cuda,float16,apps/inference-server/sample_data/wallet_56.jpg,an old cell phone is sitting on a table,,,0.1326,1300.43,21.6425,success,
vit-gpt2,nlpconnect/vit-gpt2-image-captioning,none,cuda,float16,apps/inference-server/sample_data/wallet_57.jpg,a piece of luggage sitting on top of a table,,,0.1273,1300.33,21.6425,success,
vit-gpt2,nlpconnect/vit-gpt2-image-captioning,none,cuda,float16,apps/inference-server/sample_data/wallet_58.jpg,a cell phone sitting on top of a suitcase,,,0.1181,1300.33,21.6425,success,
vit-gpt2,nlpconnect/vit-gpt2-image-captioning,none,cuda,float16,apps/inference-server/sample_data/wallet_59.jpg,a man is using a cell phone to take a picture,,,0.1421,1300.64,21.6425,success,
vit-gpt2,nlpconnect/vit-gpt2-image-captioning,none,cuda,float16,apps/inference-server/sample_data/wallet_6.jpg,a close up picture of a piece of fabric,,,0.1677,1300.22,21.6425,success,
vit-gpt2,nlpconnect/vit-gpt2-image-captioning,none,cuda,float16,apps/inference-server/sample_data/wallet_60.jpg,a white object sitting on top of a white car,,,0.1338,1300.43,21.6425,success,
vit-gpt2,nlpconnect/vit-gpt2-image-captioning,none,cuda,float16,apps/inference-server/sample_data/wallet_61.jpg,a black and white photo of a white refrigerator,,,0.1431,1300.43,21.6425,success,
vit-gpt2,nlpconnect/vit-gpt2-image-captioning,none,cuda,float16,apps/inference-server/sample_data/wallet_62.jpg,a kitchen area with a sink and a counter top,,,0.1425,1300.43,21.6425,success,
vit-gpt2,nlpconnect/vit-gpt2-image-captioning,none,cuda,float16,apps/inference-server/sample_data/wallet_63.jpg,a cell phone sitting on top of a table,,,0.1394,1300.43,21.6425,success,
vit-gpt2,nlpconnect/vit-gpt2-image-captioning,none,cuda,float16,apps/inference-server/sample_data/wallet_64.jpg,a white electronic device sitting on top of a table,,,0.1279,1300.43,21.6425,success,
vit-gpt2,nlpconnect/vit-gpt2-image-captioning,none,cuda,float16,apps/inference-server/sample_data/wallet_65.jpg,"a room with a sink, a mirror, and a cabinet",,,0.1463,1300.54,21.6425,success,
vit-gpt2,nlpconnect/vit-gpt2-image-captioning,none,cuda,float16,apps/inference-server/sample_data/wallet_66.jpg,"a bathroom with a sink, toilet, and cabinets",,,0.119,1300.43,21.6425,success,
vit-gpt2,nlpconnect/vit-gpt2-image-captioning,none,cuda,float16,apps/inference-server/sample_data/wallet_67.jpg,a person holding a cell phone in their hand,,,0.1125,1300.33,21.6425,success,
vit-gpt2,nlpconnect/vit-gpt2-image-captioning,none,cuda,float16,apps/inference-server/sample_data/wallet_68.jpg,a piece of paper sitting on top of a table,,,0.1464,1300.33,21.6425,success,
vit-gpt2,nlpconnect/vit-gpt2-image-captioning,none,cuda,float16,apps/inference-server/sample_data/wallet_69.jpg,a bathroom with a sink and a toilet,,,0.1144,1300.33,21.6425,success,
vit-gpt2,nlpconnect/vit-gpt2-image-captioning,none,cuda,float16,apps/inference-server/sample_data/wallet_7.jpg,a black and white checkered shirt and a black and white checkered tie,,,0.2187,1301.06,21.6425,success,
vit-gpt2,nlpconnect/vit-gpt2-image-captioning,none,cuda,float16,apps/inference-server/sample_data/wallet_70.jpg,a white refrigerator freezer sitting inside of a room,,,0.1085,1300.22,21.6425,success,
vit-gpt2,nlpconnect/vit-gpt2-image-captioning,none,cuda,float16,apps/inference-server/sample_data/wallet_71.jpg,a white refrigerator freezer sitting on top of a counter,,,0.1288,1300.43,21.6425,success,
vit-gpt2,nlpconnect/vit-gpt2-image-captioning,none,cuda,float16,apps/inference-server/sample_data/wallet_72.jpg,a person sitting at a table with a cell phone,,,0.1236,1300.33,21.6425,success,
vit-gpt2,nlpconnect/vit-gpt2-image-captioning,none,cuda,float16,apps/inference-server/sample_data/wallet_73.jpg,an old black and white photo of a cell phone,,,0.145,1300.54,21.6425,success,
vit-gpt2,nlpconnect/vit-gpt2-image-captioning,none,cuda,float16,apps/inference-server/sample_data/wallet_74.jpg,a laptop computer sitting on top of a desk,,,0.1316,1300.33,21.6425,success,
vit-gpt2,nlpconnect/vit-gpt2-image-captioning,none,cuda,float16,apps/inference-server/sample_data/wallet_75.jpg,a laptop computer sitting on top of a table,,,0.1137,1300.22,21.6425,success,
vit-gpt2,nlpconnect/vit-gpt2-image-captioning,none,cuda,float16,apps/inference-server/sample_data/wallet_8.jpg,a person laying on a bed with a laptop,,,0.2195,1300.43,21.6425,success,
vit-gpt2,nlpconnect/vit-gpt2-image-captioning,none,cuda,float16,apps/inference-server/sample_data/wallet_9.jpg,a cell phone laying on top of a bed,,,0.1365,1300.22,21.6425,success,
